gse	dataOrigin	dataCategory	analysisSoftware	param
GPL6480	GEO	GPL	add_manully	{probeId:'ID',symbol:'GENE_SYMBOL'}
GSE10469	GEO	GSE	add_manully	
GSE10878	GEO	GSE	add_manully	
GSE12435	GEO	GSE	add_manully	
GSE12493	GEO	GSE	add_manully	
GSE12531	GEO	GSE	add_manully	
GSE12664	GEO	GSE	add_manully	
GSE12665	GEO	GSE	add_manully	
GSE13213	GEO	GSE	add_manully	
GSE13357	GEO	GSE	add_manully	
GSE13462	GEO	GSE	add_manully	
GSE13571	GEO	GSE	add_manully	
GSE13600	GEO	GSE	add_manully	
GSE13893	GEO	GSE	add_manully	
GSE14232	GEO	GSE	add_manully	
GSE14273	GEO	GSE	add_manully	
GSE14281	GEO	GSE	add_manully	
GSE14284	GEO	GSE	add_manully	
GSE14422	GEO	GSE	add_manully	
GSE14445	GEO	GSE	add_manully	
GSE14487	GEO	GSE	add_manully	
GSE14529	GEO	GSE	add_manully	
GSE14532	GEO	GSE	add_manully	
GSE14533	GEO	GSE	add_manully	
GSE14838	GEO	GSE	add_manully	
GSE14922	GEO	GSE	add_manully	
GSE15170	GEO	GSE	add_manully	
GSE15191	GEO	GSE	add_manully	
GSE15197	GEO	GSE	add_manully	
GSE15259	GEO	GSE	add_manully	
GSE15266	GEO	GSE	add_manully	
GSE15327	GEO	GSE	add_manully	
GSE15366	GEO	GSE	add_manully	
GSE16004	GEO	GSE	add_manully	
GSE16076	GEO	GSE	add_manully	
GSE16077	GEO	GSE	add_manully	
GSE16239	GEO	GSE	add_manully	
GSE16255	GEO	GSE	add_manully	
GSE16337	GEO	GSE	add_manully	
GSE16425	GEO	GSE	add_manully	
GSE16441	GEO	GSE	add_manully	
GSE16449	GEO	GSE	add_manully	
GSE16627	GEO	GSE	add_manully	
GSE16628	GEO	GSE	add_manully	
GSE16637	GEO	GSE	add_manully	
GSE16643	GEO	GSE	add_manully	
GSE16706	GEO	GSE	add_manully	
GSE16763	GEO	GSE	add_manully	
GSE16858	GEO	GSE	add_manully	
GSE16890	GEO	GSE	add_manully	
GSE16891	GEO	GSE	add_manully	
GSE16935	GEO	GSE	add_manully	
GSE16991	GEO	GSE	add_manully	
GSE16998	GEO	GSE	add_manully	
GSE16999	GEO	GSE	add_manully	
GSE17034	GEO	GSE	add_manully	
GSE17068	GEO	GSE	add_manully	
GSE17118	GEO	GSE	add_manully	
GSE17188	GEO	GSE	add_manully	
GSE17260	GEO	GSE	add_manully	
GSE17261	GEO	GSE	add_manully	
GSE17399	GEO	GSE	add_manully	
GSE17493	GEO	GSE	add_manully	
GSE17676	GEO	GSE	add_manully	
GSE17856	GEO	GSE	add_manully	
GSE18054	GEO	GSE	add_manully	
GSE18058	GEO	GSE	add_manully	
GSE18378	GEO	GSE	add_manully	
GSE18510	GEO	GSE	add_manully	
GSE18512	GEO	GSE	add_manully	
GSE18553	GEO	GSE	add_manully	
GSE18606	GEO	GSE	add_manully	
GSE18760	GEO	GSE	add_manully	
GSE18967	GEO	GSE	add_manully	
GSE19052	GEO	GSE	add_manully	
GSE19078	GEO	GSE	add_manully	
GSE19232	GEO	GSE	add_manully	
GSE19236	GEO	GSE	add_manully	
GSE19422	GEO	GSE	add_manully	
GSE19536	GEO	GSE	add_manully	
GSE19612	GEO	GSE	add_manully	
GSE19617	GEO	GSE	add_manully	
GSE19642	GEO	GSE	add_manully	
GSE19704	GEO	GSE	add_manully	
GSE19724	GEO	GSE	add_manully	
GSE19783	GEO	GSE	add_manully	
GSE19835	GEO	GSE	add_manully	
GSE19919	GEO	GSE	add_manully	
GSE20013	GEO	GSE	add_manully	
GSE20014	GEO	GSE	add_manully	
GSE20088	GEO	GSE	add_manully	
GSE20162	GEO	GSE	add_manully	
GSE20170	GEO	GSE	add_manully	
GSE20173	GEO	GSE	add_manully	
GSE20277	GEO	GSE	add_manully	
GSE20463	GEO	GSE	add_manully	
GSE20563	GEO	GSE	add_manully	
GSE20629	GEO	GSE	add_manully	
GSE20668	GEO	GSE	add_manully	
GSE20706	GEO	GSE	add_manully	
GSE20722	GEO	GSE	add_manully	
GSE20753	GEO	GSE	add_manully	
GSE20755	GEO	GSE	add_manully	
GSE20914	GEO	GSE	add_manully	
GSE20945	GEO	GSE	add_manully	
GSE20951	GEO	GSE	add_manully	
GSE21059	GEO	GSE	add_manully	
GSE21240	GEO	GSE	add_manully	
GSE21429	GEO	GSE	add_manully	
GSE21518	GEO	GSE	add_manully	
GSE21561	GEO	GSE	add_manully	
GSE21566	GEO	GSE	add_manully	
GSE21730	GEO	GSE	add_manully	
GSE21731	GEO	GSE	add_manully	
GSE21815	GEO	GSE	add_manully	
GSE21974	GEO	GSE	add_manully	
GSE22012	GEO	GSE	add_manully	
GSE22072	GEO	GSE	add_manully	
GSE22088	GEO	GSE	add_manully	
GSE22169	GEO	GSE	add_manully	
GSE22460	GEO	GSE	add_manully	
GSE22491	GEO	GSE	add_manully	
GSE22654	GEO	GSE	add_manully	
GSE22785	GEO	GSE	add_manully	
GSE22804	GEO	GSE	add_manully	
GSE22811	GEO	GSE	add_manully	
GSE22820	GEO	GSE	add_manully	
GSE22964	GEO	GSE	add_manully	
GSE23026	GEO	GSE	add_manully	
GSE23091	GEO	GSE	add_manully	
GSE23197	GEO	GSE	add_manully	
GSE23323	GEO	GSE	add_manully	
GSE23387	GEO	GSE	add_manully	
GSE23393	GEO	GSE	add_manully	
GSE23515	GEO	GSE	add_manully	
GSE23558	GEO	GSE	add_manully	
GSE23589	GEO	GSE	add_manully	
GSE23611	GEO	GSE	add_manully	
GSE23697	GEO	GSE	add_manully	
GSE23766	GEO	GSE	add_manully	
GSE23805	GEO	GSE	add_manully	
GSE23899	GEO	GSE	add_manully	
GSE23910	GEO	GSE	add_manully	
GSE23919	GEO	GSE	add_manully	
GSE23924	GEO	GSE	add_manully	
GSE23930	GEO	GSE	add_manully	
GSE23933	GEO	GSE	add_manully	
GSE23934	GEO	GSE	add_manully	
GSE24065	GEO	GSE	add_manully	
GSE24215	GEO	GSE	add_manully	
GSE24232	GEO	GSE	add_manully	
GSE24247	GEO	GSE	add_manully	
GSE24287	GEO	GSE	add_manully	
GSE24381	GEO	GSE	add_manully	
GSE24403	GEO	GSE	add_manully	
GSE24409	GEO	GSE	add_manully	
GSE24410	GEO	GSE	add_manully	
GSE24426	GEO	GSE	add_manully	
GSE24453	GEO	GSE	add_manully	
GSE24536	GEO	GSE	add_manully	
GSE24579	GEO	GSE	add_manully	
GSE24677	GEO	GSE	add_manully	
GSE24818	GEO	GSE	add_manully	
GSE24891	GEO	GSE	add_manully	
GSE24945	GEO	GSE	add_manully	
GSE24980	GEO	GSE	add_manully	
GSE24981	GEO	GSE	add_manully	
GSE25215	GEO	GSE	add_manully	
GSE25220	GEO	GSE	add_manully	
GSE25297	GEO	GSE	add_manully	
GSE25299	GEO	GSE	add_manully	
GSE25317	GEO	GSE	add_manully	
GSE25531	GEO	GSE	add_manully	
GSE25699	GEO	GSE	add_manully	
GSE25981	GEO	GSE	add_manully	
GSE25991	GEO	GSE	add_manully	
GSE26082	GEO	GSE	add_manully	
GSE26215	GEO	GSE	add_manully	
GSE26237	GEO	GSE	add_manully	
GSE26238	GEO	GSE	add_manully	
GSE26415	GEO	GSE	add_manully	
GSE26417	GEO	GSE	add_manully	
GSE26419	GEO	GSE	add_manully	
GSE26428	GEO	GSE	add_manully	
GSE26431	GEO	GSE	add_manully	
GSE26537	GEO	GSE	add_manully	
GSE26634	GEO	GSE	add_manully	
GSE26662	GEO	GSE	add_manully	
GSE26666	GEO	GSE	add_manully	
GSE26774	GEO	GSE	add_manully	
GSE26805	GEO	GSE	add_manully	
GSE26858	GEO	GSE	add_manully	
GSE26917	GEO	GSE	add_manully	
GSE26934	GEO	GSE	add_manully	
GSE27283	GEO	GSE	add_manully	
GSE27287	GEO	GSE	add_manully	
GSE27555	GEO	GSE	add_manully	
GSE27688	GEO	GSE	add_manully	
GSE27694	GEO	GSE	add_manully	
GSE27723	GEO	GSE	add_manully	
GSE27876	GEO	GSE	add_manully	
GSE27882	GEO	GSE	add_manully	
GSE28009	GEO	GSE	add_manully	
GSE28029	GEO	GSE	add_manully	
GSE28042	GEO	GSE	add_manully	
GSE28076	GEO	GSE	add_manully	
GSE28121	GEO	GSE	add_manully	
GSE28155	GEO	GSE	add_manully	
GSE28166	GEO	GSE	add_manully	
GSE28204	GEO	GSE	add_manully	
GSE28221	GEO	GSE	add_manully	
GSE28245	GEO	GSE	add_manully	
GSE28484	GEO	GSE	add_manully	
GSE28569	GEO	GSE	add_manully	
GSE28584	GEO	GSE	add_manully	
GSE28674	GEO	GSE	add_manully	
GSE28787	GEO	GSE	add_manully	
GSE28860	GEO	GSE	add_manully	
GSE28899	GEO	GSE	add_manully	
GSE28900	GEO	GSE	add_manully	
GSE28901	GEO	GSE	add_manully	
GSE28902	GEO	GSE	add_manully	
GSE29161	GEO	GSE	add_manully	
GSE29210	GEO	GSE	add_manully	
GSE29229	GEO	GSE	add_manully	
GSE29391	GEO	GSE	add_manully	
GSE29442	GEO	GSE	add_manully	
GSE29492	GEO	GSE	add_manully	
GSE29668	GEO	GSE	add_manully	
GSE29678	GEO	GSE	add_manully	
GSE29745	GEO	GSE	add_manully	
GSE29870	GEO	GSE	add_manully	
GSE29873	GEO	GSE	add_manully	
GSE29890	GEO	GSE	add_manully	
GSE29952	GEO	GSE	add_manully	
GSE30133	GEO	GSE	add_manully	
GSE30330	GEO	GSE	add_manully	
GSE30351	GEO	GSE	add_manully	
GSE30480	GEO	GSE	add_manully	
GSE30530	GEO	GSE	add_manully	
GSE30658	GEO	GSE	add_manully	
GSE30677	GEO	GSE	add_manully	
GSE30815	GEO	GSE	add_manully	
GSE30817	GEO	GSE	add_manully	
GSE30821	GEO	GSE	add_manully	
GSE30822	GEO	GSE	add_manully	
GSE30886	GEO	GSE	add_manully	
GSE30984	GEO	GSE	add_manully	
GSE31079	GEO	GSE	add_manully	
GSE31153	GEO	GSE	add_manully	
GSE31205	GEO	GSE	add_manully	
GSE31209	GEO	GSE	add_manully	
GSE31433	GEO	GSE	add_manully	
GSE31467	GEO	GSE	add_manully	
GSE31515	GEO	GSE	add_manully	
GSE31566	GEO	GSE	add_manully	
GSE31603	GEO	GSE	add_manully	
GSE31604	GEO	GSE	add_manully	
GSE31605	GEO	GSE	add_manully	
GSE31612	GEO	GSE	add_manully	
GSE31697	GEO	GSE	add_manully	
GSE31811	GEO	GSE	add_manully	
GSE31836	GEO	GSE	add_manully	
GSE31876	GEO	GSE	add_manully	
GSE31905	GEO	GSE	add_manully	
GSE32018	GEO	GSE	add_manully	
GSE32062	GEO	GSE	add_manully	
GSE32063	GEO	GSE	add_manully	
GSE32138	GEO	GSE	add_manully	
GSE32140	GEO	GSE	add_manully	
GSE32155	GEO	GSE	add_manully	
GSE32181	GEO	GSE	add_manully	
GSE32282	GEO	GSE	add_manully	
GSE32414	GEO	GSE	add_manully	
GSE32507	GEO	GSE	add_manully	
GSE32531	GEO	GSE	add_manully	
GSE32532	GEO	GSE	add_manully	
GSE32541	GEO	GSE	add_manully	
GSE32620	GEO	GSE	add_manully	
GSE32643	GEO	GSE	add_manully	
GSE32662	GEO	GSE	add_manully	
GSE32923	GEO	GSE	add_manully	
GSE32968	GEO	GSE	add_manully	
GSE32987	GEO	GSE	add_manully	
GSE32988	GEO	GSE	add_manully	
GSE32993	GEO	GSE	add_manully	
GSE32999	GEO	GSE	add_manully	
GSE33026	GEO	GSE	add_manully	
GSE33048	GEO	GSE	add_manully	
GSE33055	GEO	GSE	add_manully	
GSE33193	GEO	GSE	add_manully	
GSE33218	GEO	GSE	add_manully	
GSE33278	GEO	GSE	add_manully	
GSE33293	GEO	GSE	add_manully	
GSE33354	GEO	GSE	add_manully	
GSE33479	GEO	GSE	add_manully	
GSE33482	GEO	GSE	add_manully	
GSE33520	GEO	GSE	add_manully	
GSE33521	GEO	GSE	add_manully	
GSE33531	GEO	GSE	add_manully	
GSE33566	GEO	GSE	add_manully	
GSE33741	GEO	GSE	add_manully	
GSE33768	GEO	GSE	add_manully	
GSE33916	GEO	GSE	add_manully	
GSE34143	GEO	GSE	add_manully	
GSE34200	GEO	GSE	add_manully	
GSE34249	GEO	GSE	add_manully	
GSE34251	GEO	GSE	add_manully	
GSE34259	GEO	GSE	add_manully	
GSE34313	GEO	GSE	add_manully	
GSE34608	GEO	GSE	add_manully	
GSE34674	GEO	GSE	add_manully	
GSE34822	GEO	GSE	add_manully	
GSE34870	GEO	GSE	add_manully	
GSE34911	GEO	GSE	add_manully	
GSE34933	GEO	GSE	add_manully	
GSE35030	GEO	GSE	add_manully	
GSE35179	GEO	GSE	add_manully	
GSE35186	GEO	GSE	add_manully	
GSE35191	GEO	GSE	add_manully	
GSE35232	GEO	GSE	add_manully	
GSE35279	GEO	GSE	add_manully	
GSE35304	GEO	GSE	add_manully	
GSE35602	GEO	GSE	add_manully	
GSE35635	GEO	GSE	add_manully	
GSE35728	GEO	GSE	add_manully	
GSE35818	GEO	GSE	add_manully	
GSE35862	GEO	GSE	add_manully	
GSE35988	GEO	GSE	add_manully	
GSE36014	GEO	GSE	add_manully	
GSE36172	GEO	GSE	add_manully	
GSE36364	GEO	GSE	add_manully	
GSE36480	GEO	GSE	add_manully	
GSE36532	GEO	GSE	add_manully	
GSE36537	GEO	GSE	add_manully	
GSE36539	GEO	GSE	add_manully	
GSE36563	GEO	GSE	add_manully	
GSE37091	GEO	GSE	add_manully	
GSE37093	GEO	GSE	add_manully	
GSE37123	GEO	GSE	add_manully	
GSE37126	GEO	GSE	add_manully	
GSE37231	GEO	GSE	add_manully	
GSE37240	GEO	GSE	add_manully	
GSE37389	GEO	GSE	add_manully	
GSE37529	GEO	GSE	add_manully	
GSE37531	GEO	GSE	add_manully	
GSE37543	GEO	GSE	add_manully	
GSE37571	GEO	GSE	add_manully	
GSE37615	GEO	GSE	add_manully	
GSE37666	GEO	GSE	add_manully	
GSE37761	GEO	GSE	add_manully	
GSE37814	GEO	GSE	add_manully	
GSE37827	GEO	GSE	add_manully	
GSE37829	GEO	GSE	add_manully	
GSE37837	GEO	GSE	add_manully	
GSE37945	GEO	GSE	add_manully	
GSE37951	GEO	GSE	add_manully	
GSE38008	GEO	GSE	add_manully	
GSE38016	GEO	GSE	add_manully	
GSE38174	GEO	GSE	add_manully	
GSE38194	GEO	GSE	add_manully	
GSE38530	GEO	GSE	add_manully	
GSE38537	GEO	GSE	add_manully	
GSE38706	GEO	GSE	add_manully	
GSE38747	GEO	GSE	add_manully	
GSE38769	GEO	GSE	add_manully	
GSE38814	GEO	GSE	add_manully	
GSE38924	GEO	GSE	add_manully	
GSE39182	GEO	GSE	add_manully	
GSE39242	GEO	GSE	add_manully	
GSE39250	GEO	GSE	add_manully	
GSE39290	GEO	GSE	add_manully	
GSE39337	GEO	GSE	add_manully	
GSE39356	GEO	GSE	add_manully	
GSE39359	GEO	GSE	add_manully	
GSE39494	GEO	GSE	add_manully	
GSE39580	GEO	GSE	add_manully	
GSE39581	GEO	GSE	add_manully	
GSE39668	GEO	GSE	add_manully	
GSE39681	GEO	GSE	add_manully	
GSE39698	GEO	GSE	add_manully	
GSE39828	GEO	GSE	add_manully	
GSE39829	GEO	GSE	add_manully	
GSE40021	GEO	GSE	add_manully	
GSE40025	GEO	GSE	add_manully	
GSE40060	GEO	GSE	add_manully	
GSE40074	GEO	GSE	add_manully	
GSE40089	GEO	GSE	add_manully	
GSE40098	GEO	GSE	add_manully	
GSE40099	GEO	GSE	add_manully	
GSE40152	GEO	GSE	add_manully	
GSE40234	GEO	GSE	add_manully	
GSE40374	GEO	GSE	add_manully	
GSE40403	GEO	GSE	add_manully	
GSE40558	GEO	GSE	add_manully	
GSE40559	GEO	GSE	add_manully	
GSE40588	GEO	GSE	add_manully	
GSE40776	GEO	GSE	add_manully	
GSE40842	GEO	GSE	add_manully	
GSE40844	GEO	GSE	add_manully	
GSE41289	GEO	GSE	add_manully	
GSE41610	GEO	GSE	add_manully	
GSE41657	GEO	GSE	add_manully	
GSE41685	GEO	GSE	add_manully	
GSE41726	GEO	GSE	add_manully	
GSE41946	GEO	GSE	add_manully	
GSE41986	GEO	GSE	add_manully	
GSE42024	GEO	GSE	add_manully	
GSE42030	GEO	GSE	add_manully	
GSE42031	GEO	GSE	add_manully	
GSE42189	GEO	GSE	add_manully	
GSE42227	GEO	GSE	add_manully	
GSE42228	GEO	GSE	add_manully	
GSE42229	GEO	GSE	add_manully	
GSE42336	GEO	GSE	add_manully	
GSE42488	GEO	GSE	add_manully	
GSE42507	GEO	GSE	add_manully	
GSE42595	GEO	GSE	add_manully	
GSE42612	GEO	GSE	add_manully	
GSE42613	GEO	GSE	add_manully	
GSE42614	GEO	GSE	add_manully	
GSE42650	GEO	GSE	add_manully	
GSE42922	GEO	GSE	add_manully	
GSE42939	GEO	GSE	add_manully	
GSE42975	GEO	GSE	add_manully	
GSE42981	GEO	GSE	add_manully	
GSE43076	GEO	GSE	add_manully	
GSE43090	GEO	GSE	add_manully	
GSE43136	GEO	GSE	add_manully	
GSE43146	GEO	GSE	add_manully	
GSE43203	GEO	GSE	add_manully	
GSE43204	GEO	GSE	add_manully	
GSE43368	GEO	GSE	add_manully	
GSE43490	GEO	GSE	add_manully	
GSE43568	GEO	GSE	add_manully	
GSE43609	GEO	GSE	add_manully	
GSE43640	GEO	GSE	add_manully	
GSE43696	GEO	GSE	add_manully	
GSE43767	GEO	GSE	add_manully	
GSE44000	GEO	GSE	add_manully	
GSE44044	GEO	GSE	add_manully	
GSE44048	GEO	GSE	add_manully	
GSE44066	GEO	GSE	add_manully	
GSE44201	GEO	GSE	add_manully	
GSE44210	GEO	GSE	add_manully	
GSE44313	GEO	GSE	add_manully	
GSE44314	GEO	GSE	add_manully	
GSE44328	GEO	GSE	add_manully	
GSE44354	GEO	GSE	add_manully	
GSE44370	GEO	GSE	add_manully	
GSE44371	GEO	GSE	add_manully	
GSE44422	GEO	GSE	add_manully	
GSE44552	GEO	GSE	add_manully	
GSE44581	GEO	GSE	add_manully	
GSE44670	GEO	GSE	add_manully	
GSE44728	GEO	GSE	add_manully	
GSE44784	GEO	GSE	add_manully	
GSE44805	GEO	GSE	add_manully	
GSE44836	GEO	GSE	add_manully	
GSE44838	GEO	GSE	add_manully	
GSE45042	GEO	GSE	add_manully	
GSE45171	GEO	GSE	add_manully	
GSE45218	GEO	GSE	add_manully	
GSE45375	GEO	GSE	add_manully	
GSE45485	GEO	GSE	add_manully	
GSE45493	GEO	GSE	add_manully	
GSE45581	GEO	GSE	add_manully	
GSE45584	GEO	GSE	add_manully	
GSE45663	GEO	GSE	add_manully	
GSE45729	GEO	GSE	add_manully	
GSE45872	GEO	GSE	add_manully	
GSE45979	GEO	GSE	add_manully	
GSE46010	GEO	GSE	add_manully	
GSE46171	GEO	GSE	add_manully	
GSE46337	GEO	GSE	add_manully	
GSE46338	GEO	GSE	add_manully	
GSE46352	GEO	GSE	add_manully	
GSE46802	GEO	GSE	add_manully	
GSE47404	GEO	GSE	add_manully	
GSE47415	GEO	GSE	add_manully	
GSE47460	GEO	GSE	add_manully	
GSE47467	GEO	GSE	add_manully	
GSE47468	GEO	GSE	add_manully	
GSE47469	GEO	GSE	add_manully	
GSE47470	GEO	GSE	add_manully	
GSE47521	GEO	GSE	add_manully	
GSE47527	GEO	GSE	add_manully	
GSE47542	GEO	GSE	add_manully	
GSE47591	GEO	GSE	add_manully	
GSE47823	GEO	GSE	add_manully	
GSE47897	GEO	GSE	add_manully	
GSE47911	GEO	GSE	add_manully	
GSE47913	GEO	GSE	add_manully	
GSE47960	GEO	GSE	add_manully	
GSE47961	GEO	GSE	add_manully	
GSE47962	GEO	GSE	add_manully	
GSE47963	GEO	GSE	add_manully	
GSE48051	GEO	GSE	add_manully	
GSE48067	GEO	GSE	add_manully	
GSE48142	GEO	GSE	add_manully	
GSE48220	GEO	GSE	add_manully	
GSE48228	GEO	GSE	add_manully	
GSE48250	GEO	GSE	add_manully	
GSE48424	GEO	GSE	add_manully	
GSE48542	GEO	GSE	add_manully	
GSE49016	GEO	GSE	add_manully	
GSE49158	GEO	GSE	add_manully	
GSE49472	GEO	GSE	add_manully	
GSE49858	GEO	GSE	add_manully	
GSE49901	GEO	GSE	add_manully	
GSE49941	GEO	GSE	add_manully	
GSE50114	GEO	GSE	add_manully	
GSE50115	GEO	GSE	add_manully	
GSE50117	GEO	GSE	add_manully	
GSE50467	GEO	GSE	add_manully	
GSE50650	GEO	GSE	add_manully	
GSE50652	GEO	GSE	add_manully	
GSE50714	GEO	GSE	add_manully	
GSE50722	GEO	GSE	add_manully	
GSE50800	GEO	GSE	add_manully	
GSE50814	GEO	GSE	add_manully	
GSE50916	GEO	GSE	add_manully	
GSE50971	GEO	GSE	add_manully	
GSE50972	GEO	GSE	add_manully	
GSE51216	GEO	GSE	add_manully	
GSE51421	GEO	GSE	add_manully	
GSE51456	GEO	GSE	add_manully	
GSE51618	GEO	GSE	add_manully	
GSE51642	GEO	GSE	add_manully	
GSE51661	GEO	GSE	add_manully	
GSE51675	GEO	GSE	add_manully	
GSE51852	GEO	GSE	add_manully	
GSE51854	GEO	GSE	add_manully	
GSE51855	GEO	GSE	add_manully	
GSE51889	GEO	GSE	add_manully	
GSE51951	GEO	GSE	add_manully	
GSE52009	GEO	GSE	add_manully	
GSE52019	GEO	GSE	add_manully	
GSE52088	GEO	GSE	add_manully	
GSE52161	GEO	GSE	add_manully	
GSE52406	GEO	GSE	add_manully	
GSE52465	GEO	GSE	add_manully	
GSE52470	GEO	GSE	add_manully	
GSE52554	GEO	GSE	add_manully	
GSE52567	GEO	GSE	add_manully	
GSE52604	GEO	GSE	add_manully	
GSE52678	GEO	GSE	add_manully	
GSE52679	GEO	GSE	add_manully	
GSE52774	GEO	GSE	add_manully	
GSE52776	GEO	GSE	add_manully	
GSE52850	GEO	GSE	add_manully	
GSE52852	GEO	GSE	add_manully	
GSE52853	GEO	GSE	add_manully	
GSE52942	GEO	GSE	add_manully	
GSE53187	GEO	GSE	add_manully	
GSE53228	GEO	GSE	add_manully	
GSE53229	GEO	GSE	add_manully	
GSE53295	GEO	GSE	add_manully	
GSE53448	GEO	GSE	add_manully	
GSE53566	GEO	GSE	add_manully	
GSE53589	GEO	GSE	add_manully	
GSE53663	GEO	GSE	add_manully	
GSE53700	GEO	GSE	add_manully	
GSE53819	GEO	GSE	add_manully	
GSE53845	GEO	GSE	add_manully	
GSE53893	GEO	GSE	add_manully	
GSE53963	GEO	GSE	add_manully	
GSE54213	GEO	GSE	add_manully	
GSE54236	GEO	GSE	add_manully	
GSE54383	GEO	GSE	add_manully	
GSE54532	GEO	GSE	add_manully	
GSE54638	GEO	GSE	add_manully	
GSE54667	GEO	GSE	add_manully	
GSE54668	GEO	GSE	add_manully	
GSE54818	GEO	GSE	add_manully	
GSE54918	GEO	GSE	add_manully	
GSE54977	GEO	GSE	add_manully	
GSE55137	GEO	GSE	add_manully	
GSE55531	GEO	GSE	add_manully	
GSE55532	GEO	GSE	add_manully	
GSE55583	GEO	GSE	add_manully	
GSE55643	GEO	GSE	add_manully	
GSE55696	GEO	GSE	add_manully	
GSE56308	GEO	GSE	add_manully	
GSE56317	GEO	GSE	add_manully	
GSE56332	GEO	GSE	add_manully	
GSE56335	GEO	GSE	add_manully	
GSE56484	GEO	GSE	add_manully	
GSE56496	GEO	GSE	add_manully	
GSE56517	GEO	GSE	add_manully	
GSE56552	GEO	GSE	add_manully	
GSE56579	GEO	GSE	add_manully	
GSE56656	GEO	GSE	add_manully	
GSE56678	GEO	GSE	add_manully	
GSE56754	GEO	GSE	add_manully	
GSE56803	GEO	GSE	add_manully	
GSE56817	GEO	GSE	add_manully	
GSE56976	GEO	GSE	add_manully	
GSE57103	GEO	GSE	add_manully	
GSE57347	GEO	GSE	add_manully	
GSE57408	GEO	GSE	add_manully	
GSE57418	GEO	GSE	add_manully	
GSE57492	GEO	GSE	add_manully	
GSE57496	GEO	GSE	add_manully	
GSE57585	GEO	GSE	add_manully	
GSE57614	GEO	GSE	add_manully	
GSE57630	GEO	GSE	add_manully	
GSE57759	GEO	GSE	add_manully	
GSE57861	GEO	GSE	add_manully	
GSE57885	GEO	GSE	add_manully	
GSE57937	GEO	GSE	add_manully	
GSE57955	GEO	GSE	add_manully	
GSE58143	GEO	GSE	add_manully	
GSE58431	GEO	GSE	add_manully	
GSE58962	GEO	GSE	add_manully	
GSE59102	GEO	GSE	add_manully	
GSE59238	GEO	GSE	add_manully	
GSE59407	GEO	GSE	add_manully	
GSE59493	GEO	GSE	add_manully	
GSE59785	GEO	GSE	add_manully	
GSE59787	GEO	GSE	add_manully	
GSE59915	GEO	GSE	add_manully	
GSE60480	GEO	GSE	add_manully	
GSE60543	GEO	GSE	add_manully	
GSE60675	GEO	GSE	add_manully	
GSE60681	GEO	GSE	add_manully	
GSE60683	GEO	GSE	add_manully	
GSE60807	GEO	GSE	add_manully	
GSE60836	GEO	GSE	add_manully	
GSE60842	GEO	GSE	add_manully	
GSE60904	GEO	GSE	add_manully	
GSE61132	GEO	GSE	add_manully	
GSE61281	GEO	GSE	add_manully	
GSE61384	GEO	GSE	add_manully	
GSE61419	GEO	GSE	add_manully	
GSE61429	GEO	GSE	add_manully	
GSE61599	GEO	GSE	add_manully	
GSE61791	GEO	GSE	add_manully	
GSE62043	GEO	GSE	add_manully	
GSE62044	GEO	GSE	add_manully	
GSE62147	GEO	GSE	add_manully	
GSE62154	GEO	GSE	add_manully	
GSE62453	GEO	GSE	add_manully	
GSE62574	GEO	GSE	add_manully	
GSE62663	GEO	GSE	add_manully	
GSE62866	GEO	GSE	add_manully	
GSE62870	GEO	GSE	add_manully	
GSE62960	GEO	GSE	add_manully	
GSE63142	GEO	GSE	add_manully	
GSE63616	GEO	GSE	add_manully	
GSE63828	GEO	GSE	add_manully	
GSE63844	GEO	GSE	add_manully	
GSE64201	GEO	GSE	add_manully	
GSE64224	GEO	GSE	add_manully	
GSE64261	GEO	GSE	add_manully	
GSE64484	GEO	GSE	add_manully	
GSE64497	GEO	GSE	add_manully	
GSE64604	GEO	GSE	add_manully	
GSE65153	GEO	GSE	add_manully	
GSE65176	GEO	GSE	add_manully	
GSE65584	GEO	GSE	add_manully	
GSE65878	GEO	GSE	add_manully	
GSE65911	GEO	GSE	add_manully	
GSE66279	GEO	GSE	add_manully	
GSE66335	GEO	GSE	add_manully	
GSE66476	GEO	GSE	add_manully	
GSE66494	GEO	GSE	add_manully	
GSE66527	GEO	GSE	add_manully	
GSE66545	GEO	GSE	add_manully	
GSE66597	GEO	GSE	add_manully	
GSE66999	GEO	GSE	add_manully	
GSE67061	GEO	GSE	add_manully	
GSE67142	GEO	GSE	add_manully	
GSE67425	GEO	GSE	add_manully	
GSE67558	GEO	GSE	add_manully	
GSE67698	GEO	GSE	add_manully	
GSE67728	GEO	GSE	add_manully	
GSE67729	GEO	GSE	add_manully	
GSE67747	GEO	GSE	add_manully	
GSE67801	GEO	GSE	add_manully	
GSE67940	GEO	GSE	add_manully	
GSE68034	GEO	GSE	add_manully	
GSE68061	GEO	GSE	add_manully	
GSE68144	GEO	GSE	add_manully	
GSE68145	GEO	GSE	add_manully	
GSE68191	GEO	GSE	add_manully	
GSE68204	GEO	GSE	add_manully	
GSE68295	GEO	GSE	add_manully	
GSE68312	GEO	GSE	add_manully	
GSE68548	GEO	GSE	add_manully	
GSE68585	GEO	GSE	add_manully	
GSE68698	GEO	GSE	add_manully	
GSE68962	GEO	GSE	add_manully	
GSE69497	GEO	GSE	add_manully	
GSE70219	GEO	GSE	add_manully	
GSE70279	GEO	GSE	add_manully	
GSE70394	GEO	GSE	add_manully	
GSE70556	GEO	GSE	add_manully	
GSE70761	GEO	GSE	add_manully	
GSE70821	GEO	GSE	add_manully	
GSE70937	GEO	GSE	add_manully	
GSE70938	GEO	GSE	add_manully	
GSE70939	GEO	GSE	add_manully	
GSE71106	GEO	GSE	add_manully	
GSE71108	GEO	GSE	add_manully	
GSE71122	GEO	GSE	add_manully	
GSE71187	GEO	GSE	add_manully	
GSE71265	GEO	GSE	add_manully	
GSE71526	GEO	GSE	add_manully	
GSE71535	GEO	GSE	add_manully	
GSE71742	GEO	GSE	add_manully	
GSE71963	GEO	GSE	add_manully	
GSE72292	GEO	GSE	add_manully	
GSE72569	GEO	GSE	add_manully	
GSE72621	GEO	GSE	add_manully	
GSE72644	GEO	GSE	add_manully	
GSE72653	GEO	GSE	add_manully	
GSE73034	GEO	GSE	add_manully	
GSE73037	GEO	GSE	add_manully	
GSE73169	GEO	GSE	add_manully	
GSE73170	GEO	GSE	add_manully	
GSE73403	GEO	GSE	add_manully	
GSE73601	GEO	GSE	add_manully	
GSE73602	GEO	GSE	add_manully	
GSE73614	GEO	GSE	add_manully	
GSE73646	GEO	GSE	add_manully	
GSE73647	GEO	GSE	add_manully	
GSE73648	GEO	GSE	add_manully	
GSE73656	GEO	GSE	add_manully	
GSE74187	GEO	GSE	add_manully	
GSE74213	GEO	GSE	add_manully	
GSE74357	GEO	GSE	add_manully	
GSE74436	GEO	GSE	add_manully	
GSE74591	GEO	GSE	add_manully	
GSE74667	GEO	GSE	add_manully	
GSE74947	GEO	GSE	add_manully	
GSE74986	GEO	GSE	add_manully	
GSE75122	GEO	GSE	add_manully	
GSE75829	GEO	GSE	add_manully	
GSE76189	GEO	GSE	add_manully	
GSE76384	GEO	GSE	add_manully	
GSE76793	GEO	GSE	add_manully	
GSE76807	GEO	GSE	add_manully	
GSE76809	GEO	GSE	add_manully	
GSE76885	GEO	GSE	add_manully	
GSE76886	GEO	GSE	add_manully	
GSE77030	GEO	GSE	add_manully	
GSE77329	GEO	GSE	add_manully	
GSE77626	GEO	GSE	add_manully	
GSE77850	GEO	GSE	add_manully	
GSE77859	GEO	GSE	add_manully	
GSE77952	GEO	GSE	add_manully	
GSE78068	GEO	GSE	add_manully	
GSE78193	GEO	GSE	add_manully	
GSE78927	GEO	GSE	add_manully	
GSE79145	GEO	GSE	add_manully	
GSE79605	GEO	GSE	add_manully	
GSE79828	GEO	GSE	add_manully	
GSE81085	GEO	GSE	add_manully	
GSE81355	GEO	GSE	add_manully	
GSE81711	GEO	GSE	add_manully	
GSE82161	GEO	GSE	add_manully	
GSE83300	GEO	GSE	add_manully	
GSE83301	GEO	GSE	add_manully	
GSE83369	GEO	GSE	add_manully	
GSE83614	GEO	GSE	add_manully	
GSE83878	GEO	GSE	add_manully	
GSE83879	GEO	GSE	add_manully	
GSE83881	GEO	GSE	add_manully	
GSE83883	GEO	GSE	add_manully	
GSE84146	GEO	GSE	add_manully	
GSE84201	GEO	GSE	add_manully	
GSE84783	GEO	GSE	add_manully	
GSE84846	GEO	GSE	add_manully	
GSE85022	GEO	GSE	add_manully	
GSE85195	GEO	GSE	add_manully	
GSE85446	GEO	GSE	add_manully	
GSE85629	GEO	GSE	add_manully	
GSE85684	GEO	GSE	add_manully	
GSE85808	GEO	GSE	add_manully	
GSE86060	GEO	GSE	add_manully	
GSE86286	GEO	GSE	add_manully	
GSE86369	GEO	GSE	add_manully	
GSE87005	GEO	GSE	add_manully	
GSE87411	GEO	GSE	add_manully	
GSE87609	GEO	GSE	add_manully	
GSE88772	GEO	GSE	add_manully	
GSE89391	GEO	GSE	add_manully	
GSE89392	GEO	GSE	add_manully	
GSE89456	GEO	GSE	add_manully	
GSE89576	GEO	GSE	add_manully	
GSE89578	GEO	GSE	add_manully	
GSE89782	GEO	GSE	add_manully	
GSE89828	GEO	GSE	add_manully	
GSE90051	GEO	GSE	add_manully	
GSE90074	GEO	GSE	add_manully	
GSE90076	GEO	GSE	add_manully	
GSE90152	GEO	GSE	add_manully	
GSE90689	GEO	GSE	add_manully	
GSE92367	GEO	GSE	add_manully	
GSE92453	GEO	GSE	add_manully	
GSE92455	GEO	GSE	add_manully	
GSE92528	GEO	GSE	add_manully	
GSE92640	GEO	GSE	add_manully	
GSE93136	GEO	GSE	add_manully	
GSE93142	GEO	GSE	add_manully	
GSE93204	GEO	GSE	add_manully	
GSE93520	GEO	GSE	add_manully	
GSE93857	GEO	GSE	add_manully	
GSE93858	GEO	GSE	add_manully	
GSE93861	GEO	GSE	add_manully	
GSE94424	GEO	GSE	add_manully	
GSE95026	GEO	GSE	add_manully	
GSE96523	GEO	GSE	add_manully	
GSE96742	GEO	GSE	add_manully	
GSE96976	GEO	GSE	add_manully	
GSE96978	GEO	GSE	add_manully	
GSE97782	GEO	GSE	add_manully	
GSE97997	GEO	GSE	add_manully	
GSE98461	GEO	GSE	add_manully	
GSE98614	GEO	GSE	add_manully	
GSE98824	GEO	GSE	add_manully	
GSE99908	GEO	GSE	add_manully	
GSE100185	GEO	GSE	add_manully	
GSE100459	GEO	GSE	add_manully	
GSE100629	GEO	GSE	add_manully	
GSE101420	GEO	GSE	add_manully	
GSE102005	GEO	GSE	add_manully	
GSE102006	GEO	GSE	add_manully	
GSE102034	GEO	GSE	add_manully	
GSE102035	GEO	GSE	add_manully	
GSE102402	GEO	GSE	add_manully	
GSE102723	GEO	GSE	add_manully	
GSE102787	GEO	GSE	add_manully	
GSE103060	GEO	GSE	add_manully	
GSE103178	GEO	GSE	add_manully	
GSE104222	GEO	GSE	add_manully	
GSE104645	GEO	GSE	add_manully	
GSE107440	GEO	GSE	add_manully	
GSE107441	GEO	GSE	add_manully	
GSE107442	GEO	GSE	add_manully	
GSE107443	GEO	GSE	add_manully	
GSE107444	GEO	GSE	add_manully	
GSE107712	GEO	GSE	add_manully	
GSE107754	GEO	GSE	add_manully	
GSE108224	GEO	GSE	add_manully	
GSE108742	GEO	GSE	add_manully	
GSE109132	GEO	GSE	add_manully	
GSE109197	GEO	GSE	add_manully	
GSE109198	GEO	GSE	add_manully	
GSE109787	GEO	GSE	add_manully	
GSE109857	GEO	GSE	add_manully	
GSE109988	GEO	GSE	add_manully	
GSE111346	GEO	GSE	add_manully	
GSE111390	GEO	GSE	add_manully	
GSE111395	GEO	GSE	add_manully	
GSE111449	GEO	GSE	add_manully	
GSE111601	GEO	GSE	add_manully	
GSE111971	GEO	GSE	add_manully	
GSE112086	GEO	GSE	add_manully	
GSE112447	GEO	GSE	add_manully	
GSE112515	GEO	GSE	add_manully	
GSE113424	GEO	GSE	add_manully	
GSE114226	GEO	GSE	add_manully	
GSE114243	GEO	GSE	add_manully	
GSE114891	GEO	GSE	add_manully	
GSE114911	GEO	GSE	add_manully	
GSE116028	GEO	GSE	add_manully	
GSE116118	GEO	GSE	add_manully	
GSE117361	GEO	GSE	add_manully	
GSE117505	GEO	GSE	add_manully	
GSE118114	GEO	GSE	add_manully	
GSE118223	GEO	GSE	add_manully	
GSE118493	GEO	GSE	add_manully	
GSE120103	GEO	GSE	add_manully	
GSE120123	GEO	GSE	add_manully	
GSE120641	GEO	GSE	add_manully	
GSE120782	GEO	GSE	add_manully	
GSE122586	GEO	GSE	add_manully	
GSE123344	GEO	GSE	add_manully	
GSE124021	GEO	GSE	add_manully	
GSE124138	GEO	GSE	add_manully	
GSE124766	GEO	GSE	add_manully	
GSE124959	GEO	GSE	add_manully	
GSE124965	GEO	GSE	add_manully	
GSE125158	GEO	GSE	add_manully	
GSE125362	GEO	GSE	add_manully	
GSE126053	GEO	GSE	add_manully	
GSE128562	GEO	GSE	add_manully	
GSE130220	GEO	GSE	add_manully	
GSE130786	GEO	GSE	add_manully	
GSE130787	GEO	GSE	add_manully	
GSE130788	GEO	GSE	add_manully	
GSE134599	GEO	GSE	add_manully	
GSE136375	GEO	GSE	add_manully	
GSE136644	GEO	GSE	add_manully	
GSE142153	GEO	GSE	add_manully	
GSE142411	GEO	GSE	add_manully	
GSE142413	GEO	GSE	add_manully	
GSE142414	GEO	GSE	add_manully	
GSE142583	GEO	GSE	add_manully	
GSE144790	GEO	GSE	add_manully	
GSE147571	GEO	GSE	add_manully	
GSE152354	GEO	GSE	add_manully	
GSE153007	GEO	GSE	add_manully	
GSE154401	GEO	GSE	add_manully	
GSE154750	GEO	GSE	add_manully	
GSE159958	GEO	GSE	add_manully	
GSE163296	GEO	GSE	add_manully	
GSE171471	GEO	GSE	add_manully	
GSE179285	GEO	GSE	add_manully	
